season,week,pemain,link,tim,poin_match,poin_weekly,peringkat,total
10,1.0,Kairi,/mobilelegends/Kairi,ONIC,10.0,0.0,,
10,4.0,Kairi,/mobilelegends/Kairi,ONIC,10.0,0.0,,
10,5.0,Kairi,/mobilelegends/Kairi,ONIC,10.0,0.0,,
10,7.0,Kairi,/mobilelegends/Kairi,ONIC,10.0,0.0,,
10,8.0,Kairi,/mobilelegends/Kairi,ONIC,10.0,0.0,,
10,,Kairi,/mobilelegends/Kairi,ONIC,,,1.0,50.0
10,3.0,CW,/mobilelegends/CW,ONIC,10.0,0.0,,
10,4.0,CW,/mobilelegends/CW,ONIC,10.0,0.0,,
10,5.0,CW,/mobilelegends/CW,ONIC,10.0,5.0,,
10,6.0,CW,/mobilelegends/CW,ONIC,10.0,0.0,,
10,,CW,/mobilelegends/CW,ONIC,,,2.0,45.0
10,1.0,Skylar,/mobilelegends/Skylar,RRQ Hoshi,20.0,5.0,,
10,5.0,Skylar,/mobilelegends/Skylar,RRQ Hoshi,10.0,0.0,,
10,7.0,Skylar,/mobilelegends/Skylar,RRQ Hoshi,10.0,0.0,,
10,,Skylar,/mobilelegends/Skylar,RRQ Hoshi,,,2.0,45.0
10,1.0,Nino,/mobilelegends/Nino,Alter Ego,10.0,0.0,,
10,2.0,Nino,/mobilelegends/Nino,Alter Ego,10.0,0.0,,
10,6.0,Nino,/mobilelegends/Nino,Alter Ego,10.0,0.0,,
10,7.0,Nino,/mobilelegends/Nino,Alter Ego,10.0,0.0,,
10,,Nino,/mobilelegends/Nino,Alter Ego,,,4.0,40.0
10,3.0,Sutsujin,/mobilelegends/Sutsujin,EVOS,20.0,5.0,,
10,4.0,Sutsujin,/mobilelegends/Sutsujin,EVOS,10.0,0.0,,
10,,Sutsujin,/mobilelegends/Sutsujin,EVOS,,,5.0,35.0
10,2.0,Alberttt,/mobilelegends/Alberttt,RRQ Hoshi,20.0,5.0,,
10,6.0,Alberttt,/mobilelegends/Alberttt,RRQ Hoshi,10.0,0.0,,
10,,Alberttt,/mobilelegends/Alberttt,RRQ Hoshi,,,5.0,35.0
10,1.0,Kabuki,/mobilelegends/Kabuki,AURA Fire,10.0,0.0,,
10,4.0,Kabuki,/mobilelegends/Kabuki,AURA Fire,10.0,0.0,,
10,5.0,Kabuki,/mobilelegends/Kabuki,AURA Fire,10.0,0.0,,
10,,Kabuki,/mobilelegends/Kabuki,AURA Fire,,,7.0,30.0
10,2.0,Facehugger,/mobilelegends/Facehugger,AURA Fire,10.0,0.0,,
10,4.0,Facehugger,/mobilelegends/Facehugger,AURA Fire,10.0,5.0,,
10,,Facehugger,/mobilelegends/Facehugger,AURA Fire,,,8.0,25.0
10,6.0,Maxxx,/mobilelegends/Maxx,Bigetron by Vitality,20.0,5.0,,
10,,Maxxx,/mobilelegends/Maxx,Bigetron by Vitality,,,8.0,25.0
10,5.0,Caderaa,/mobilelegends/Caderaa,Geek Fam ID,10.0,0.0,,
10,7.0,Caderaa,/mobilelegends/Caderaa,Geek Fam ID,10.0,5.0,,
10,,Caderaa,/mobilelegends/Caderaa,Geek Fam ID,,,8.0,25.0
10,2.0,Butsss,/mobilelegends/Butss,ONIC,10.0,0.0,,
10,8.0,Butsss,/mobilelegends/Butss,ONIC,10.0,5.0,,
10,,Butsss,/mobilelegends/Butss,ONIC,,,8.0,25.0
10,5.0,Fearless,/mobilelegends/Fearless,Rebellion Esports,10.0,0.0,,
10,6.0,Fearless,/mobilelegends/Fearless,Rebellion Esports,10.0,0.0,,
10,,Fearless,/mobilelegends/Fearless,Rebellion Esports,,,12.0,20.0
10,3.0,Haiz,/mobilelegends/Haiz,Rebellion Esports,20.0,0.0,,
10,,Haiz,/mobilelegends/Haiz,Rebellion Esports,,,12.0,20.0
10,3.0,Udil,/mobilelegends/Udil,Alter Ego,10.0,0.0,,
10,4.0,Udil,/mobilelegends/Udil,Alter Ego,10.0,0.0,,
10,,Udil,/mobilelegends/Udil,Alter Ego,,,12.0,20.0
10,5.0,Kyy,/mobilelegends/Kyy,Bigetron by Vitality,10.0,0.0,,
10,7.0,Kyy,/mobilelegends/Kyy,Bigetron by Vitality,10.0,0.0,,
10,,Kyy,/mobilelegends/Kyy,Bigetron by Vitality,,,12.0,20.0
10,2.0,Janaaqt,/mobilelegends/Hadess,Geek Fam ID,10.0,0.0,,
10,8.0,Janaaqt,/mobilelegends/Hadess,Geek Fam ID,10.0,0.0,,
10,,Janaaqt,/mobilelegends/Hadess,Geek Fam ID,,,12.0,20.0
10,4.0,Markyyyyy,/mobilelegends/Markyyyyy,Bigetron by Vitality,10.0,0.0,,
10,8.0,Markyyyyy,/mobilelegends/Markyyyyy,Bigetron by Vitality,10.0,0.0,,
10,,Markyyyyy,/mobilelegends/Markyyyyy,Bigetron by Vitality,,,12.0,20.0
10,2.0,Clover,/mobilelegends/Clover,EVOS,10.0,0.0,,
10,,Clover,/mobilelegends/Clover,EVOS,,,18.0,10.0
10,3.0,god1va,/mobilelegends/God1va,AURA Fire,10.0,0.0,,
10,,god1va,/mobilelegends/God1va,AURA Fire,,,18.0,10.0
10,1.0,Xorizo,/mobilelegends/Xorizo,Bigetron by Vitality,10.0,0.0,,
10,,Xorizo,/mobilelegends/Xorizo,Bigetron by Vitality,,,18.0,10.0
10,6.0,Clayyy,/mobilelegends/Clayyy,RRQ Hoshi,10.0,0.0,,
10,,Clayyy,/mobilelegends/Clayyy,RRQ Hoshi,,,18.0,10.0
10,7.0,Lzuraa,/mobilelegends/Lzuraa,Geek Fam ID,10.0,0.0,,
10,,Lzuraa,/mobilelegends/Lzuraa,Geek Fam ID,,,18.0,10.0
10,7.0,Dyrennn,/mobilelegends/Dyrennn,Rebellion Esports,10.0,0.0,,
10,,Dyrennn,/mobilelegends/Dyrennn,Rebellion Esports,,,18.0,10.0
10,8.0,Leomurphy,/mobilelegends/Leomurphy,Alter Ego,10.0,0.0,,
10,,Leomurphy,/mobilelegends/Leomurphy,Alter Ego,,,18.0,10.0
10,8.0,Swaylow,/mobilelegends/SwayLow,Rebellion Esports,10.0,0.0,,
10,,Swaylow,/mobilelegends/SwayLow,Rebellion Esports,,,18.0,10.0
10,8.0,Vyn,/mobilelegends/VYN,RRQ Hoshi,10.0,0.0,,
10,,Vyn,/mobilelegends/VYN,RRQ Hoshi,,,18.0,10.0
11,1.0,Branz,/mobilelegends/Branz,EVOS,20.0,5.0,,
11,3.0,Branz,/mobilelegends/Branz,EVOS,10.0,0.0,,
11,5.0,Branz,/mobilelegends/Branz,EVOS,10.0,0.0,,
11,6.0,Branz,/mobilelegends/Branz,EVOS,10.0,0.0,,
11,,Branz,/mobilelegends/Branz,EVOS,,,1.0,55.0
11,2.0,CW,/mobilelegends/CW,ONIC,20.0,5.0,,
11,4.0,CW,/mobilelegends/CW,ONIC,10.0,0.0,,
11,6.0,CW,/mobilelegends/CW,ONIC,10.0,0.0,,
11,,CW,/mobilelegends/CW,ONIC,,,2.0,45.0
11,1.0,Kairi,/mobilelegends/Kairi,ONIC,10.0,0.0,,
11,2.0,Kairi,/mobilelegends/Kairi,ONIC,10.0,0.0,,
11,3.0,Kairi,/mobilelegends/Kairi,ONIC,10.0,0.0,,
11,5.0,Kairi,/mobilelegends/Kairi,ONIC,10.0,0.0,,
11,,Kairi,/mobilelegends/Kairi,ONIC,,,3.0,40.0
11,1.0,Skylar,/mobilelegends/Skylar,RRQ Hoshi,10.0,0.0,,
11,2.0,Skylar,/mobilelegends/Skylar,RRQ Hoshi,20.0,0.0,,
11,6.0,Skylar,/mobilelegends/Skylar,RRQ Hoshi,10.0,0.0,,
11,,Skylar,/mobilelegends/Skylar,RRQ Hoshi,,,4.0,40.0
11,4.0,S A N Z,/mobilelegends/S_A_N_Z,ONIC,10.0,0.0,,
11,5.0,S A N Z,/mobilelegends/S_A_N_Z,ONIC,10.0,5.0,,
11,6.0,S A N Z,/mobilelegends/S_A_N_Z,ONIC,10.0,5.0,,
11,,S A N Z,/mobilelegends/S_A_N_Z,ONIC,,,5.0,40.0
11,2.0,Morenoo,/mobilelegends/Moreno,Bigetron by Vitality,10.0,0.0,,
11,5.0,Morenoo,/mobilelegends/Moreno,Bigetron by Vitality,10.0,0.0,,
11,6.0,Morenoo,/mobilelegends/Moreno,Bigetron by Vitality,10.0,0.0,,
11,,Morenoo,/mobilelegends/Moreno,Bigetron by Vitality,,,6.0,30.0
11,5.0,Rasy,/mobilelegends/Rasy,Alter Ego,10.0,0.0,,
11,6.0,Rasy,/mobilelegends/Rasy,Alter Ego,20.0,0.0,,
11,,Rasy,/mobilelegends/Rasy,Alter Ego,,,6.0,30.0
11,1.0,HAIZZ,/mobilelegends/Haiz,Rebellion Esports,10.0,0.0,,
11,3.0,HAIZZ,/mobilelegends/Haiz,Rebellion Esports,10.0,0.0,,
11,4.0,HAIZZ,/mobilelegends/Haiz,Rebellion Esports,10.0,0.0,,
11,,HAIZZ,/mobilelegends/Haiz,Rebellion Esports,,,6.0,30.0
11,1.0,Baloyskie,/mobilelegends/Baloyskie,Geek Fam ID,10.0,0.0,,
11,3.0,Baloyskie,/mobilelegends/Baloyskie,Geek Fam ID,10.0,0.0,,
11,5.0,Baloyskie,/mobilelegends/Baloyskie,Geek Fam ID,10.0,0.0,,
11,,Baloyskie,/mobilelegends/Baloyskie,Geek Fam ID,,,6.0,30.0
11,4.0,Nino,/mobilelegends/Nino,Alter Ego,20.0,5.0,,
11,,Nino,/mobilelegends/Nino,Alter Ego,,,10.0,25.0
11,3.0,Alberttt,/mobilelegends/Alberttt,RRQ Hoshi,10.0,5.0,,
11,6.0,Alberttt,/mobilelegends/Alberttt,RRQ Hoshi,10.0,0.0,,
11,,Alberttt,/mobilelegends/Alberttt,RRQ Hoshi,,,10.0,25.0
11,1.0,Kiboy,/mobilelegends/Kiboy,ONIC,10.0,0.0,,
11,3.0,Kiboy,/mobilelegends/Kiboy,ONIC,10.0,0.0,,
11,,Kiboy,/mobilelegends/Kiboy,ONIC,,,12.0,20.0
11,3.0,Kyy,/mobilelegends/Kyy,Bigetron by Vitality,10.0,0.0,,
11,4.0,Kyy,/mobilelegends/Kyy,Bigetron by Vitality,10.0,0.0,,
11,,Kyy,/mobilelegends/Kyy,Bigetron by Vitality,,,12.0,20.0
11,4.0,Caderaa,/mobilelegends/Caderaa,Geek Fam ID,10.0,0.0,,
11,5.0,Caderaa,/mobilelegends/Caderaa,Geek Fam ID,10.0,0.0,,
11,,Caderaa,/mobilelegends/Caderaa,Geek Fam ID,,,12.0,20.0
11,5.0,Clayyy,/mobilelegends/Clayyy,RRQ Hoshi,10.0,0.0,,
11,6.0,Clayyy,/mobilelegends/Clayyy,RRQ Hoshi,10.0,0.0,,
11,,Clayyy,/mobilelegends/Clayyy,RRQ Hoshi,,,12.0,20.0
11,4.0,LUKE,/mobilelegends/Luke,Geek Fam ID,10.0,0.0,,
11,6.0,LUKE,/mobilelegends/Luke,Geek Fam ID,10.0,0.0,,
11,,LUKE,/mobilelegends/Luke,Geek Fam ID,,,12.0,20.0
11,6.0,Kenn,/mobilelegends/Super_Kenn,Bigetron by Vitality,20.0,0.0,,
11,,Kenn,/mobilelegends/Super_Kenn,Bigetron by Vitality,,,12.0,20.0
